-- MySQL dump 10.13  Distrib 8.0.34, for Win64 (x86_64)
--
-- Host: 127.0.0.1    Database: flask_practice
-- ------------------------------------------------------
-- Server version	8.0.34

/*!40101 SET @OLD_CHARACTER_SET_CLIENT=@@CHARACTER_SET_CLIENT */;
/*!40101 SET @OLD_CHARACTER_SET_RESULTS=@@CHARACTER_SET_RESULTS */;
/*!40101 SET @OLD_COLLATION_CONNECTION=@@COLLATION_CONNECTION */;
/*!50503 SET NAMES utf8 */;
/*!40103 SET @OLD_TIME_ZONE=@@TIME_ZONE */;
/*!40103 SET TIME_ZONE='+00:00' */;
/*!40014 SET @OLD_UNIQUE_CHECKS=@@UNIQUE_CHECKS, UNIQUE_CHECKS=0 */;
/*!40014 SET @OLD_FOREIGN_KEY_CHECKS=@@FOREIGN_KEY_CHECKS, FOREIGN_KEY_CHECKS=0 */;
/*!40101 SET @OLD_SQL_MODE=@@SQL_MODE, SQL_MODE='NO_AUTO_VALUE_ON_ZERO' */;
/*!40111 SET @OLD_SQL_NOTES=@@SQL_NOTES, SQL_NOTES=0 */;

--
-- Table structure for table `chat_messages`
--

DROP TABLE IF EXISTS `chat_messages`;
/*!40101 SET @saved_cs_client     = @@character_set_client */;
/*!50503 SET character_set_client = utf8mb4 */;
CREATE TABLE `chat_messages` (
  `id` int NOT NULL AUTO_INCREMENT,
  `class_id` int DEFAULT NULL,
  `user_id` int DEFAULT NULL,
  `message` text,
  `timestamp` timestamp NULL DEFAULT CURRENT_TIMESTAMP,
  PRIMARY KEY (`id`)
) ENGINE=InnoDB AUTO_INCREMENT=83 DEFAULT CHARSET=utf8mb4 COLLATE=utf8mb4_0900_ai_ci;
/*!40101 SET character_set_client = @saved_cs_client */;

--
-- Dumping data for table `chat_messages`
--

LOCK TABLES `chat_messages` WRITE;
/*!40000 ALTER TABLE `chat_messages` DISABLE KEYS */;
INSERT INTO `chat_messages` VALUES (1,1,7,'adasd','2023-09-09 17:03:41'),(2,1,7,'asdd','2023-09-09 17:03:44'),(3,1,7,'asdas','2023-09-09 17:04:03'),(4,1,7,'asdsd','2023-09-09 17:04:05'),(5,1,7,'asdasd','2023-09-09 17:04:25'),(6,1,7,'asdasd','2023-09-09 17:04:29'),(7,1,7,'hello my friend','2023-09-09 17:04:37'),(8,1,7,'yoooo','2023-09-09 17:04:42'),(9,1,7,'adadasd','2023-09-09 17:18:13'),(10,1,7,'','2023-09-09 17:18:14'),(11,1,7,'','2023-09-09 17:18:14'),(12,2,7,'adadasd','2023-09-09 17:18:23'),(13,1,7,'adadadadas','2023-09-09 17:18:33'),(14,1,7,'127.0.0.1 - - [10/Sep/2023 05:18:10] \"GET /socket.io/?EIO=4&transport=polling&t=OfwytKl&sid=6uUy7kiqUgpdGk0uAAAI HTTP/1.1\" 200 181 0.693552 127.0.0.1 - - [10/Sep/2023 05:18:30] \"GET /chat HTTP/1.1\" 200 6723 0.005000 127.0.0.1 - - [10/Sep/2023 05:18:30] \"GET /static/home_view1.css HTTP/1.1\" 304 247 0.006001 127.0.0.1 - - [10/Sep/2023 05:18:30] \"GET /static/icons/questify_name.png HTTP/1.1\" 304 245 0.005001 127.0.0.1 - - [10/Sep/2023 05:18:30] \"GET /socket.io/?EIO=4&transport=polling&t=OfwyyEl HTTP/1.1\" 200 278 0.000000 127.0.0.1 - - [10/Sep/2023 05:18:30] \"POST /socket.io/?EIO=4&transport=polling&t=OfwyyEx&sid=8ZyLskUEwDODDRcxAAAK HTTP/1.1\" 200 219 0.001002 127.0.0.1 - - [10/Sep/2023 05:18:30] \"GET /socket.io/?EIO=4&transport=polling&t=OfwyyEy&sid=8ZyLskUEwDODDRcxAAAK HTTP/1.1\" 200 213 0.001000 (29456) accepted (\'127.0.0.1\', 62282) 127.0.0.1 - - [10/Sep/2023 05:18:30] \"GET /socket.io/?EIO=4&transport=polling&t=OfwyyGG&sid=8ZyLskUEwDODDRcxAAAK HTTP/1.1\" 200 181 0.000000','2023-09-09 17:19:00'),(15,1,7,'ASsSADD','2023-09-09 17:22:09'),(16,1,7,'asddsasd','2023-09-09 17:25:38'),(17,1,7,'adadad','2023-09-09 17:25:40'),(18,1,7,'asdadasd','2023-09-09 17:25:46'),(19,1,7,'asdasd','2023-09-09 17:25:50'),(20,1,7,'assdasd','2023-09-09 17:25:53'),(21,1,7,'asdasdasd','2023-09-09 17:37:41'),(22,1,7,'adadadad','2023-09-09 17:37:46'),(23,1,7,'yo g','2023-09-09 17:37:52'),(24,1,7,'what is gud','2023-09-09 17:37:59'),(25,2,7,'adadad','2023-09-09 17:38:08'),(26,5,7,'asdasdasdadasd','2023-09-09 17:38:50'),(27,5,7,'','2023-09-09 18:23:10'),(28,5,7,'','2023-09-09 18:23:11'),(29,1,7,'adadad','2023-09-09 18:25:58'),(30,1,7,'asddadad','2023-09-09 18:26:03'),(31,2,7,'addadada','2023-09-09 18:26:08'),(32,1,7,'addad','2023-09-09 18:26:11'),(33,3,7,'SAsddasd','2023-09-09 18:31:15'),(34,3,7,'dsadasd','2023-09-09 18:31:23'),(35,3,7,'adadasda','2023-09-09 18:31:25'),(36,3,7,'asdad','2023-09-09 18:31:27'),(37,1,7,'adadad','2023-09-09 18:44:10'),(38,1,7,'yo what\'s gud my g','2023-09-09 18:44:23'),(39,1,25,'adadad','2023-09-10 11:19:12'),(40,5,25,'adad','2023-09-10 11:23:02'),(41,3,25,'asdad','2023-09-10 12:00:33'),(42,3,25,'adada','2023-09-10 12:00:42'),(43,3,26,'adsasdsad','2023-09-11 09:47:34'),(44,5,26,'dasdas','2023-09-11 09:47:38'),(45,2,26,'asdasda','2023-09-11 09:47:49'),(46,2,26,'sdfsdf','2023-09-11 09:52:20'),(47,4,26,'sdfsdf','2023-09-11 09:52:26'),(48,2,27,'adada','2023-09-11 11:01:42'),(49,2,27,'adad','2023-09-11 11:01:44'),(50,3,27,'adad','2023-09-11 11:06:30'),(51,3,27,'adasd','2023-09-11 11:06:32'),(52,5,27,'adasd','2023-09-11 11:16:33'),(53,5,27,'adad','2023-09-11 11:16:34'),(54,5,27,'adad','2023-09-11 11:16:35'),(55,5,27,'adasd','2023-09-11 11:16:37'),(56,5,27,'asddasd','2023-09-11 11:16:38'),(57,5,27,'hello world','2023-09-11 11:17:29'),(58,5,27,'adada','2023-09-11 11:22:48'),(59,5,27,'addad','2023-09-11 11:22:50'),(60,5,27,'asdd','2023-09-11 11:22:51'),(61,5,27,'asdd','2023-09-11 11:22:53'),(62,3,28,'wtf','2023-09-11 11:24:27'),(63,3,28,'what is this man','2023-09-11 11:24:34'),(64,3,28,'wow','2023-09-11 11:48:52'),(65,3,28,'add','2023-09-11 11:55:12'),(66,3,28,'adasd','2023-09-11 11:55:14'),(67,3,28,'asdsads','2023-09-11 11:55:15'),(68,3,28,'aadsdsad','2023-09-11 11:57:04'),(69,2,28,'asdadsa','2023-09-11 11:57:47'),(70,2,28,'adasd','2023-09-11 11:57:54'),(71,2,28,'asdasd','2023-09-11 11:57:55'),(72,2,28,'','2023-09-11 11:57:56'),(73,2,28,'dasda','2023-09-11 11:57:57'),(74,2,28,'','2023-09-11 11:57:58'),(75,2,7,'adsadsa','2023-09-11 11:59:03'),(76,2,7,'adasdad','2023-09-11 11:59:05'),(77,2,7,'sadsadsad','2023-09-11 12:01:00'),(78,2,7,'asdasdad','2023-09-11 12:01:02'),(79,2,7,'adasd','2023-09-11 12:01:03'),(80,2,7,'asdasd','2023-09-11 12:01:04'),(81,3,7,'aasdadas','2023-09-11 12:02:09'),(82,3,7,'sadasdasda','2023-09-11 12:02:11');
/*!40000 ALTER TABLE `chat_messages` ENABLE KEYS */;
UNLOCK TABLES;

--
-- Table structure for table `classes`
--

DROP TABLE IF EXISTS `classes`;
/*!40101 SET @saved_cs_client     = @@character_set_client */;
/*!50503 SET character_set_client = utf8mb4 */;
CREATE TABLE `classes` (
  `id` int NOT NULL AUTO_INCREMENT,
  `class_name` varchar(255) NOT NULL,
  PRIMARY KEY (`id`)
) ENGINE=InnoDB AUTO_INCREMENT=9 DEFAULT CHARSET=utf8mb4 COLLATE=utf8mb4_0900_ai_ci;
/*!40101 SET character_set_client = @saved_cs_client */;

--
-- Dumping data for table `classes`
--

LOCK TABLES `classes` WRITE;
/*!40000 ALTER TABLE `classes` DISABLE KEYS */;
INSERT INTO `classes` VALUES (1,'English'),(2,'Health'),(3,'Language'),(4,'Math'),(5,'Art'),(6,'Social Science'),(7,'Technology'),(8,'Science');
/*!40000 ALTER TABLE `classes` ENABLE KEYS */;
UNLOCK TABLES;

--
-- Table structure for table `comments`
--

DROP TABLE IF EXISTS `comments`;
/*!40101 SET @saved_cs_client     = @@character_set_client */;
/*!50503 SET character_set_client = utf8mb4 */;
CREATE TABLE `comments` (
  `id` int NOT NULL AUTO_INCREMENT,
  `user_id` int DEFAULT NULL,
  `post_id` int DEFAULT NULL,
  `content` text,
  `created_at` timestamp NULL DEFAULT CURRENT_TIMESTAMP,
  PRIMARY KEY (`id`),
  KEY `user_id` (`user_id`),
  KEY `post_id` (`post_id`),
  CONSTRAINT `comments_ibfk_1` FOREIGN KEY (`user_id`) REFERENCES `users` (`id`),
  CONSTRAINT `comments_ibfk_2` FOREIGN KEY (`post_id`) REFERENCES `posts` (`id`)
) ENGINE=InnoDB AUTO_INCREMENT=56 DEFAULT CHARSET=utf8mb4 COLLATE=utf8mb4_0900_ai_ci;
/*!40101 SET character_set_client = @saved_cs_client */;

--
-- Dumping data for table `comments`
--

LOCK TABLES `comments` WRITE;
/*!40000 ALTER TABLE `comments` DISABLE KEYS */;
INSERT INTO `comments` VALUES (1,7,38,'adsdasda','2023-08-30 09:04:06'),(2,7,38,'adsdasda','2023-08-30 09:04:12'),(3,7,44,'sad','2023-08-30 09:20:59'),(4,7,38,'hello word','2023-08-30 09:25:22'),(5,7,38,'asdasd','2023-08-30 09:29:33'),(6,7,38,'asddsd','2023-08-30 09:33:01'),(7,7,44,'asdd','2023-08-30 10:29:05'),(8,7,38,'asdass','2023-08-30 10:51:32'),(9,7,38,'assdas','2023-08-31 01:02:15'),(10,7,38,'assdas','2023-08-31 01:03:21'),(11,7,38,'asda','2023-08-31 01:05:23'),(12,7,38,'is this working?','2023-08-31 01:05:30'),(13,7,44,'kiefer when r u gonna get gf','2023-08-31 01:06:29'),(14,7,38,'hello','2023-09-08 13:33:02'),(15,7,61,'hello world','2023-09-09 05:25:12'),(16,7,57,'why is like not showing up?','2023-09-09 05:25:29'),(17,7,60,'hello','2023-09-09 05:25:47'),(18,7,61,'asdada','2023-09-09 05:30:20'),(19,7,60,'adada','2023-09-09 05:30:26'),(20,7,59,'adasd','2023-09-09 05:30:35'),(21,7,59,'asdasd','2023-09-09 05:36:00'),(22,7,61,'fdgdgfdfg','2023-09-09 05:36:29'),(23,7,60,'dfgdgdfg','2023-09-09 05:36:37'),(24,7,61,'hello','2023-09-09 05:36:55'),(25,7,59,'hello','2023-09-09 05:37:05'),(26,7,60,'adadadasd','2023-09-09 08:50:54'),(27,7,60,'adadsa','2023-09-09 08:50:59'),(28,7,60,'','2023-09-09 08:51:02'),(29,7,62,'sdasadads','2023-09-09 08:54:01'),(30,7,62,'qwerty','2023-09-09 08:54:09'),(31,7,61,'sfdsffd','2023-09-09 08:54:16'),(32,7,63,'sdfsdfs','2023-09-09 08:57:58'),(33,7,39,'sdfsf','2023-09-09 08:58:41'),(34,7,39,'faf','2023-09-09 08:59:07'),(35,7,62,'xfgg','2023-09-09 09:14:26'),(36,7,51,'fsdfsdf','2023-09-09 09:38:09'),(37,7,50,'dfgg','2023-09-09 09:42:00'),(38,7,49,'fsfsdf','2023-09-09 09:46:10'),(39,7,44,'sdffsf','2023-09-09 09:46:19'),(40,7,44,'sdfsfsf','2023-09-09 09:55:30'),(41,7,61,'dfgdfgd','2023-09-09 10:06:55'),(42,7,71,'asdasdasd','2023-09-09 11:44:06'),(43,7,60,'','2023-09-09 12:17:04'),(44,7,71,'asdsddads','2023-09-09 12:19:52'),(45,7,70,'hello world','2023-09-09 13:05:59'),(46,7,70,'hello my fo','2023-09-09 13:06:08'),(47,7,90,'sdfsdf','2023-09-13 10:28:09'),(48,38,91,'yo ','2023-09-13 11:53:37'),(49,38,91,'what','2023-09-13 11:53:44'),(50,38,42,'hello world','2023-09-13 11:53:50'),(51,38,42,'asss','2023-09-13 11:54:02'),(52,38,42,'this nigga trippn','2023-09-13 11:54:12'),(53,44,102,' .popup {   margin: 1rem auto;   padding: 20px;   background: #1f1f1f;   border-radius: 5px;   position: relative;     } .popup h1 {   font-size: 20px;   text-align: center;   margin: 1rem 0 0;  } .popup h2 {   margin-top: 0;   color: #333;   font-family: Tahoma, Arial, sans-serif; } .popup .close {   position: absolute;   top: 10px;   right: 10px;   transition: all 200ms;   font-size: 30px;   font-weight: bold;   text-decoration: none;   color: #333; } .popup .close:hover {   color: #06D85F; } .popup .content {   max-height: 30%;   overflow: auto; } .popup_text {   font-size: 17px;   text-align: center;   margin: 5px 0 20px;  } .hex-select {   position: relative;   padding: .75rem 0;   cursor: pointer;       }  .hex-select:after {   top: 50%;   right: 0.5rem;    content: \'\';   width: .35rem;   height: .35rem;   display: block;   position: absolute;   top: 50%;   right: 1rem;   transform: translateY(-75%) rotate(45deg);   border-right: .125rem solid #ddd;   border-bottom: .125rem solid #ddd; }  .hex-select select,  .hex-select .custom-select {    padding-right: 2rem;   position: relative;   appearance: none;   background: #37373782;   color: #ddd;   font-family: inherit;   height: 3.5rem;   line-height: 3.5rem;   outline: none;   padding: 0 1.5rem;   transition: all .35s ease-in-out;   width: 100%;   font-size: .75rem;   font-weight: 700;   text-transform: uppercase;   box-sizing: border-box;   border: 1px solid #222;   border-radius: .35rem;   cursor: pointer;   display: block;   margin-left: auto;   margin-right: auto; }  .hex-select option {   position: absolute;   top: 100%;   left: 0;   right: 0;   display: flex;   flex-direction: column;   background: #1f1f1fb2;   border: 1px solid #444;   border-radius: .35rem;   list-style: none;   padding: 0;   margin: .75rem 0;   transform: translateY(1rem);   opacity: 0;   visibility: hidden;   pointer-events: none;   max-height: 250px;   overflow-y: auto;   transition: .35s ease-in-out all; }  .hex-select option li {   height: 3rem;   line-height: 3rem;   outline: none;   padding: 0 1.5rem;   text-transform: none;   letter-spacing: .025rem;   border-bottom: 1px solid #333;   cursor: pointer;   transition: .35s ease-in-out all; }  .hex-select option li:hover {   background: #444; }  .hex-select:hover select,  .hex-select:hover .custom-select {   border-color: #444; }  .hex-select:hover option {   transform: translateY(0);   opacity: 1;   visibility: visible;   pointer-events: all; } /* Common styles that apply to both select and textarea */ .styled-input {   appearance: none;   background: #37373782;   color: #ddd;   font-family: inherit;   outline: none;   padding: 0.75rem 1.5rem;   transition: all .35s ease-in-out;   width: 100%;   font-size: .75rem;   font-weight: 700;   text-transform: uppercase;   box-sizing: border-box;   border: 1px solid #222;   border-radius: .35rem;   cursor: pointer; }  .styled-input:hover {   border-color: #444; }  /* Textarea specific styles */ textarea.styled-input {   height: 100px; /* or any height you prefer */   text-transform: none; /* reset the uppercase for better text readability */   resize: vertical; /* allow vertical resize */   display: block;   margin-left: auto;   margin-right: auto; }  /* Optional: Limit the vertical resize to a certain height */ textarea.styled-input {   max-height: 300px;   min-height: 100px; } .post_button {   display: block;   margin-left: auto;   margin-right: auto;   position: relative;   appearance: none;   background: #37373782;   color: #ddd;   font-family: inherit;   height: 3rem;   line-height: 3rem;   outline: none;   padding: 0 1.5rem;   transition: all .35s ease-in-out;   width: 100%;   font-size: .75rem;   font-weight: 700;   text-transform: uppercase;   box-sizing: border-box;   border: 1px solid #222;   border-radius: .35rem;   cursor: pointer;   margin-top: 1rem;   border: 1px solid #454545; }  	<div id=\"popup1\" class=\"overlay\">     <div class=\"popup\">           <a class=\"close\" href=\"#\">&times;</a>                         <!-- Change the form action to /post/add -->             <form action=\"/post/add\" method=\"POST\" enctype=\"multipart/form-data\">                 <label for=\"class_id\" class=\"popup_text\">Choose your class</label>                 <div class=\"hex-select\">                     <select id=\"example\" name=\"class_id\" required >                         {% for class in classes %}                             <option value=\"{{ class.id }}\" {% if class.id == class_id %}selected{% endif %}>{{ class.class_name }}</option>                         {% endfor %}                     </select>                 </div>                 <!-- ... (rest of your form fields) --> 				<h1>Upload your image 					<small>with preview</small> 				</h1> 				<div class=\"avatar-upload\"> 					<div class=\"avatar-edit\"> 						<input type=\"file\" id=\"imageUpload\" name=\"image\" accept=\".png, .jpg, .jpeg\" />    						<label for=\"imageUpload\"></label> 					</div> 					<div class=\"avatar-preview\"> 						<div id=\"imagePreview\" style=\"background-image: url(https://assets.pokemon.com/assets/cms2/img/watch-pokemon-tv/seasons/season01/season01_ep01_ss01.jpg);\"> 						</div> 					</div> 				</div>                 <label for=\"content\" class=\"popup_text\">Write your content</label>                 <textarea name=\"content\" class=\"styled-input\" required></textarea>                 <input type=\"submit\" value=\"Post\" class=\"post_button\">             </form>     </div> </div>  I want the form popup to fit to any height sized devices. it doesn\'t fit with iphone se','2023-09-13 12:07:15'),(54,44,102,' .popup {   margin: 1rem auto;   padding: 20px;   background: #1f1f1f;   border-radius: 5px;   position: relative;     } .popup h1 {   font-size: 20px;   text-align: center;   margin: 1rem 0 0;  } .popup h2 {   margin-top: 0;   color: #333;   font-family: Tahoma, Arial, sans-serif; } .popup .close {   position: absolute;   top: 10px;   right: 10px;   transition: all 200ms;   font-size: 30px;   font-weight: bold;   text-decoration: none;   color: #333; } .popup .close:hover {   color: #06D85F; } .popup .content {   max-height: 30%;   overflow: auto; } .popup_text {   font-size: 17px;   text-align: center;   margin: 5px 0 20px;  } .hex-select {   position: relative;   padding: .75rem 0;   cursor: pointer;       }  .hex-select:after {   top: 50%;   right: 0.5rem;    content: \'\';   width: .35rem;   height: .35rem;   display: block;   position: absolute;   top: 50%;   right: 1rem;   transform: translateY(-75%) rotate(45deg);   border-right: .125rem solid #ddd;   border-bottom: .125rem solid #ddd; }  .hex-select select,  .hex-select .custom-select {    padding-right: 2rem;   position: relative;   appearance: none;   background: #37373782;   color: #ddd;   font-family: inherit;   height: 3.5rem;   line-height: 3.5rem;   outline: none;   padding: 0 1.5rem;   transition: all .35s ease-in-out;   width: 100%;   font-size: .75rem;   font-weight: 700;   text-transform: uppercase;   box-sizing: border-box;   border: 1px solid #222;   border-radius: .35rem;   cursor: pointer;   display: block;   margin-left: auto;   margin-right: auto; }  .hex-select option {   position: absolute;   top: 100%;   left: 0;   right: 0;   display: flex;   flex-direction: column;   background: #1f1f1fb2;   border: 1px solid #444;   border-radius: .35rem;   list-style: none;   padding: 0;   margin: .75rem 0;   transform: translateY(1rem);   opacity: 0;   visibility: hidden;   pointer-events: none;   max-height: 250px;   overflow-y: auto;   transition: .35s ease-in-out all; }  .hex-select option li {   height: 3rem;   line-height: 3rem;   outline: none;   padding: 0 1.5rem;   text-transform: none;   letter-spacing: .025rem;   border-bottom: 1px solid #333;   cursor: pointer;   transition: .35s ease-in-out all; }  .hex-select option li:hover {   background: #444; }  .hex-select:hover select,  .hex-select:hover .custom-select {   border-color: #444; }  .hex-select:hover option {   transform: translateY(0);   opacity: 1;   visibility: visible;   pointer-events: all; } /* Common styles that apply to both select and textarea */ .styled-input {   appearance: none;   background: #37373782;   color: #ddd;   font-family: inherit;   outline: none;   padding: 0.75rem 1.5rem;   transition: all .35s ease-in-out;   width: 100%;   font-size: .75rem;   font-weight: 700;   text-transform: uppercase;   box-sizing: border-box;   border: 1px solid #222;   border-radius: .35rem;   cursor: pointer; }  .styled-input:hover {   border-color: #444; }  /* Textarea specific styles */ textarea.styled-input {   height: 100px; /* or any height you prefer */   text-transform: none; /* reset the uppercase for better text readability */   resize: vertical; /* allow vertical resize */   display: block;   margin-left: auto;   margin-right: auto; }  /* Optional: Limit the vertical resize to a certain height */ textarea.styled-input {   max-height: 300px;   min-height: 100px; } .post_button {   display: block;   margin-left: auto;   margin-right: auto;   position: relative;   appearance: none;   background: #37373782;   color: #ddd;   font-family: inherit;   height: 3rem;   line-height: 3rem;   outline: none;   padding: 0 1.5rem;   transition: all .35s ease-in-out;   width: 100%;   font-size: .75rem;   font-weight: 700;   text-transform: uppercase;   box-sizing: border-box;   border: 1px solid #222;   border-radius: .35rem;   cursor: pointer;   margin-top: 1rem;   border: 1px solid #454545; }  	<div id=\"popup1\" class=\"overlay\">     <div class=\"popup\">           <a class=\"close\" href=\"#\">&times;</a>                         <!-- Change the form action to /post/add -->             <form action=\"/post/add\" method=\"POST\" enctype=\"multipart/form-data\">                 <label for=\"class_id\" class=\"popup_text\">Choose your class</label>                 <div class=\"hex-select\">                     <select id=\"example\" name=\"class_id\" required >                         {% for class in classes %}                             <option value=\"{{ class.id }}\" {% if class.id == class_id %}selected{% endif %}>{{ class.class_name }}</option>                         {% endfor %}                     </select>                 </div>                 <!-- ... (rest of your form fields) --> 				<h1>Upload your image 					<small>with preview</small> 				</h1> 				<div class=\"avatar-upload\"> 					<div class=\"avatar-edit\"> 						<input type=\"file\" id=\"imageUpload\" name=\"image\" accept=\".png, .jpg, .jpeg\" />    						<label for=\"imageUpload\"></label> 					</div> 					<div class=\"avatar-preview\"> 						<div id=\"imagePreview\" style=\"background-image: url(https://assets.pokemon.com/assets/cms2/img/watch-pokemon-tv/seasons/season01/season01_ep01_ss01.jpg);\"> 						</div> 					</div> 				</div>                 <label for=\"content\" class=\"popup_text\">Write your content</label>                 <textarea name=\"content\" class=\"styled-input\" required></textarea>                 <input type=\"submit\" value=\"Post\" class=\"post_button\">             </form>     </div> </div>  I want the form popup to fit to any height sized devices. it doesn\'t fit with iphone se','2023-09-13 12:07:51'),(55,44,102,' .popup {   margin: 1rem auto;   padding: 20px;   background: #1f1f1f;   border-radius: 5px;   position: relative;     } .popup h1 {   font-size: 20px;   text-align: center;   margin: 1rem 0 0;  } .popup h2 {   margin-top: 0;   color: #333;   font-family: Tahoma, Arial, sans-serif; } .popup .close {   position: absolute;   top: 10px;   right: 10px;   transition: all 200ms;   font-size: 30px;   font-weight: bold;   text-decoration: none;   color: #333; } .popup .close:hover {   color: #06D85F; } .popup .content {   max-height: 30%;   overflow: auto; } .popup_text {   font-size: 17px;   text-align: center;   margin: 5px 0 20px;  } .hex-select {   position: relative;   padding: .75rem 0;   cursor: pointer;       }  .hex-select:after {   top: 50%;   right: 0.5rem;    content: \'\';   width: .35rem;   height: .35rem;   display: block;   position: absolute;   top: 50%;   right: 1rem;   transform: translateY(-75%) rotate(45deg);   border-right: .125rem solid #ddd;   border-bottom: .125rem solid #ddd; }  .hex-select select,  .hex-select .custom-select {    padding-right: 2rem;   position: relative;   appearance: none;   background: #37373782;   color: #ddd;   font-family: inherit;   height: 3.5rem;   line-height: 3.5rem;   outline: none;   padding: 0 1.5rem;   transition: all .35s ease-in-out;   width: 100%;   font-size: .75rem;   font-weight: 700;   text-transform: uppercase;   box-sizing: border-box;   border: 1px solid #222;   border-radius: .35rem;   cursor: pointer;   display: block;   margin-left: auto;   margin-right: auto; }  .hex-select option {   position: absolute;   top: 100%;   left: 0;   right: 0;   display: flex;   flex-direction: column;   background: #1f1f1fb2;   border: 1px solid #444;   border-radius: .35rem;   list-style: none;   padding: 0;   margin: .75rem 0;   transform: translateY(1rem);   opacity: 0;   visibility: hidden;   pointer-events: none;   max-height: 250px;   overflow-y: auto;   transition: .35s ease-in-out all; }  .hex-select option li {   height: 3rem;   line-height: 3rem;   outline: none;   padding: 0 1.5rem;   text-transform: none;   letter-spacing: .025rem;   border-bottom: 1px solid #333;   cursor: pointer;   transition: .35s ease-in-out all; }  .hex-select option li:hover {   background: #444; }  .hex-select:hover select,  .hex-select:hover .custom-select {   border-color: #444; }  .hex-select:hover option {   transform: translateY(0);   opacity: 1;   visibility: visible;   pointer-events: all; } /* Common styles that apply to both select and textarea */ .styled-input {   appearance: none;   background: #37373782;   color: #ddd;   font-family: inherit;   outline: none;   padding: 0.75rem 1.5rem;   transition: all .35s ease-in-out;   width: 100%;   font-size: .75rem;   font-weight: 700;   text-transform: uppercase;   box-sizing: border-box;   border: 1px solid #222;   border-radius: .35rem;   cursor: pointer; }  .styled-input:hover {   border-color: #444; }  /* Textarea specific styles */ textarea.styled-input {   height: 100px; /* or any height you prefer */   text-transform: none; /* reset the uppercase for better text readability */   resize: vertical; /* allow vertical resize */   display: block;   margin-left: auto;   margin-right: auto; }  /* Optional: Limit the vertical resize to a certain height */ textarea.styled-input {   max-height: 300px;   min-height: 100px; } .post_button {   display: block;   margin-left: auto;   margin-right: auto;   position: relative;   appearance: none;   background: #37373782;   color: #ddd;   font-family: inherit;   height: 3rem;   line-height: 3rem;   outline: none;   padding: 0 1.5rem;   transition: all .35s ease-in-out;   width: 100%;   font-size: .75rem;   font-weight: 700;   text-transform: uppercase;   box-sizing: border-box;   border: 1px solid #222;   border-radius: .35rem;   cursor: pointer;   margin-top: 1rem;   border: 1px solid #454545; }  	<div id=\"popup1\" class=\"overlay\">     <div class=\"popup\">           <a class=\"close\" href=\"#\">&times;</a>                         <!-- Change the form action to /post/add -->             <form action=\"/post/add\" method=\"POST\" enctype=\"multipart/form-data\">                 <label for=\"class_id\" class=\"popup_text\">Choose your class</label>                 <div class=\"hex-select\">                     <select id=\"example\" name=\"class_id\" required >                         {% for class in classes %}                             <option value=\"{{ class.id }}\" {% if class.id == class_id %}selected{% endif %}>{{ class.class_name }}</option>                         {% endfor %}                     </select>                 </div>                 <!-- ... (rest of your form fields) --> 				<h1>Upload your image 					<small>with preview</small> 				</h1> 				<div class=\"avatar-upload\"> 					<div class=\"avatar-edit\"> 						<input type=\"file\" id=\"imageUpload\" name=\"image\" accept=\".png, .jpg, .jpeg\" />    						<label for=\"imageUpload\"></label> 					</div> 					<div class=\"avatar-preview\"> 						<div id=\"imagePreview\" style=\"background-image: url(https://assets.pokemon.com/assets/cms2/img/watch-pokemon-tv/seasons/season01/season01_ep01_ss01.jpg);\"> 						</div> 					</div> 				</div>                 <label for=\"content\" class=\"popup_text\">Write your content</label>                 <textarea name=\"content\" class=\"styled-input\" required></textarea>                 <input type=\"submit\" value=\"Post\" class=\"post_button\">             </form>     </div> </div>  I want the form popup to fit to any height sized devices. it doesn\'t fit with iphone se','2023-09-13 12:08:00');
/*!40000 ALTER TABLE `comments` ENABLE KEYS */;
UNLOCK TABLES;

--
-- Table structure for table `likes`
--

DROP TABLE IF EXISTS `likes`;
/*!40101 SET @saved_cs_client     = @@character_set_client */;
/*!50503 SET character_set_client = utf8mb4 */;
CREATE TABLE `likes` (
  `id` int NOT NULL AUTO_INCREMENT,
  `user_id` int DEFAULT NULL,
  `post_id` int DEFAULT NULL,
  PRIMARY KEY (`id`),
  UNIQUE KEY `user_id_2` (`user_id`,`post_id`),
  KEY `user_id` (`user_id`),
  KEY `post_id` (`post_id`),
  CONSTRAINT `likes_ibfk_1` FOREIGN KEY (`user_id`) REFERENCES `users` (`id`),
  CONSTRAINT `likes_ibfk_2` FOREIGN KEY (`post_id`) REFERENCES `posts` (`id`)
) ENGINE=InnoDB AUTO_INCREMENT=105 DEFAULT CHARSET=utf8mb4 COLLATE=utf8mb4_0900_ai_ci;
/*!40101 SET character_set_client = @saved_cs_client */;

--
-- Dumping data for table `likes`
--

LOCK TABLES `likes` WRITE;
/*!40000 ALTER TABLE `likes` DISABLE KEYS */;
INSERT INTO `likes` VALUES (60,7,38),(81,7,44),(80,7,49),(50,7,50),(76,7,51),(74,7,60),(75,7,61),(72,7,62),(93,7,67),(98,7,90),(99,31,45),(100,31,46),(101,32,84),(103,44,88),(104,44,90);
/*!40000 ALTER TABLE `likes` ENABLE KEYS */;
UNLOCK TABLES;

--
-- Table structure for table `posts`
--

DROP TABLE IF EXISTS `posts`;
/*!40101 SET @saved_cs_client     = @@character_set_client */;
/*!50503 SET character_set_client = utf8mb4 */;
CREATE TABLE `posts` (
  `id` int NOT NULL AUTO_INCREMENT,
  `content` text,
  `user_id` int DEFAULT NULL,
  `image` varchar(255) DEFAULT NULL,
  `class_id` int DEFAULT NULL,
  `created_at` timestamp NULL DEFAULT CURRENT_TIMESTAMP,
  PRIMARY KEY (`id`),
  KEY `fk_1_idx` (`user_id`),
  KEY `fk_posts_class` (`class_id`),
  CONSTRAINT `fk_1` FOREIGN KEY (`user_id`) REFERENCES `users` (`id`) ON DELETE SET NULL ON UPDATE CASCADE,
  CONSTRAINT `fk_posts_class` FOREIGN KEY (`class_id`) REFERENCES `classes` (`id`)
) ENGINE=InnoDB AUTO_INCREMENT=103 DEFAULT CHARSET=utf8mb4 COLLATE=utf8mb4_0900_ai_ci;
/*!40101 SET character_set_client = @saved_cs_client */;

--
-- Dumping data for table `posts`
--

LOCK TABLES `posts` WRITE;
/*!40000 ALTER TABLE `posts` DISABLE KEYS */;
INSERT INTO `posts` VALUES (18,'<p>pliz work</p>',NULL,NULL,1,'2023-09-09 04:47:26'),(19,'<p>dasdadsdasd</p>',NULL,NULL,2,'2023-09-09 04:47:26'),(20,'',NULL,NULL,3,'2023-09-09 04:47:26'),(21,'',NULL,NULL,NULL,'2023-09-09 04:47:26'),(22,'<p>hello</p>',7,NULL,NULL,'2023-09-09 04:47:26'),(23,'<p>is it working?</p>',7,NULL,NULL,'2023-09-09 04:47:26'),(24,'asdadas',7,'static/uploads\\Untitled.png',NULL,'2023-09-09 04:47:26'),(25,'sadas',7,'static/uploads\\Untitled.png',NULL,'2023-09-09 04:47:26'),(26,'asdasdsa',7,'static/uploads/PlayerPreview.png',NULL,'2023-09-09 04:47:26'),(27,'sdfs',8,'static/uploads/Untitled.png',NULL,'2023-09-09 04:47:26'),(28,'hello',7,'static/uploads/Untitled.png',NULL,'2023-09-09 04:47:26'),(29,'asasdad',7,'static/uploads/Untitled.png',NULL,'2023-09-09 04:47:26'),(30,'asasdad',7,'static/uploads/Untitled.png',NULL,'2023-09-09 04:47:26'),(31,'hello',7,'static/uploads/Untitled.png',NULL,'2023-09-09 04:47:26'),(32,'asdasd',7,'static/uploads/Untitled.png',NULL,'2023-09-09 04:47:26'),(33,'asdasd',7,'static/uploads/Untitled.png',NULL,'2023-09-09 04:47:26'),(34,'assdassd',7,'static/uploads/Untitled.png',NULL,'2023-09-09 04:47:26'),(35,'okayyy',7,'static/uploads/Untitled.png',NULL,'2023-09-09 04:47:26'),(36,'idek if this things working actualluy',7,'static/uploads/full-moon-night-landscape-732x549-thumbnail-1.jpg',NULL,'2023-09-09 04:47:26'),(37,'it should work',7,'static/uploads/q_poster.png',NULL,'2023-09-09 04:47:26'),(38,'asdasd',12,'static/uploads/20230817_092126.jpg',1,'2023-09-09 04:47:26'),(39,'asdadasd',12,'static/uploads/20230817_092126.jpg',5,'2023-09-09 04:47:26'),(40,'asdadasd',12,'static/uploads/20230817_092126.jpg',5,'2023-09-09 04:47:26'),(41,'asdadasd',12,'static/uploads/20230817_092126.jpg',5,'2023-09-09 04:47:26'),(42,'asasasd',12,'static/uploads/20230817_131434.jpg',3,'2023-09-09 04:47:26'),(43,'asasasd',12,'static/uploads/food_tech_choux_flowchart_8_17_23.drawio.png',3,'2023-09-09 04:47:26'),(44,'hello',12,'static/uploads/20230817_092126.jpg',1,'2023-09-09 04:47:26'),(45,'we love math hahaha',16,'static/uploads/food_tech_choux_flowchart_8_17_23.drawio.png',4,'2023-09-09 04:47:26'),(46,'yo\r\n',17,NULL,4,'2023-09-09 04:47:26'),(47,'wth',17,'static/uploads/food_tech_choux_flowchart_8_17_2023.drawio.png',4,'2023-09-09 04:47:26'),(48,'why\'s this not working?',7,'static/uploads/food_tech_choux_flowchart_8_17_2023.drawio.png',5,'2023-09-09 04:47:26'),(49,'assdas',7,NULL,1,'2023-09-09 04:47:26'),(50,'ssd',7,'static/uploads/20230817_091859.jpg',1,'2023-09-09 04:47:26'),(51,'adasdasd',7,NULL,1,'2023-09-09 04:47:26'),(52,'asasdasda',7,'static/uploads/20230817_131434.jpg',1,'2023-09-09 04:47:26'),(53,'9/9/2023',7,NULL,1,'2023-09-09 04:47:26'),(54,'hello world from english',7,NULL,1,'2023-09-09 04:47:26'),(55,'I am writing this again',7,NULL,1,'2023-09-09 04:47:26'),(56,'adasd',7,NULL,1,'2023-09-09 04:47:26'),(57,'I am writing this today',7,NULL,1,'2023-09-09 04:47:26'),(58,'this is newest post',7,NULL,1,'2023-09-09 04:51:02'),(59,'asdasdasdadasd',7,NULL,1,'2023-09-09 04:54:13'),(60,'newest post',7,NULL,1,'2023-09-09 04:56:34'),(61,'asdadada',7,NULL,1,'2023-09-09 05:22:52'),(62,'hello world',7,NULL,1,'2023-09-09 08:53:32'),(63,'hello world',7,NULL,5,'2023-09-09 08:57:24'),(64,'sfsfsfsf',7,NULL,2,'2023-09-09 08:58:22'),(65,'adadasdaaa',7,NULL,2,'2023-09-09 09:48:10'),(66,'adadasdaaa',7,NULL,2,'2023-09-09 09:48:41'),(67,'asdasdads',7,NULL,1,'2023-09-09 09:49:09'),(68,'asdadad',7,NULL,2,'2023-09-09 09:54:12'),(69,'asddadad',7,NULL,1,'2023-09-09 09:56:08'),(70,'asdadad',7,NULL,1,'2023-09-09 09:58:00'),(71,'adasdasd',7,NULL,1,'2023-09-09 10:10:22'),(72,'asdasd',7,NULL,1,'2023-09-09 13:16:31'),(73,'asds',7,NULL,1,'2023-09-09 14:03:18'),(74,'hello guys',7,NULL,1,'2023-09-09 15:24:59'),(75,'hello guys',7,NULL,1,'2023-09-09 15:25:34'),(76,'adsadad',7,NULL,1,'2023-09-09 15:41:05'),(77,'asdasdasd',7,NULL,1,'2023-09-09 15:45:49'),(78,'hello guys',7,NULL,1,'2023-09-09 15:46:02'),(79,'adsad',7,NULL,1,'2023-09-09 15:47:55'),(80,'asdasdsa',7,NULL,1,'2023-09-09 16:01:29'),(81,'SAasAS',7,NULL,2,'2023-09-09 16:03:44'),(82,'SAasAS',7,NULL,2,'2023-09-09 16:04:12'),(83,'asddasas',7,NULL,1,'2023-09-09 16:10:42'),(84,'ASas',7,NULL,2,'2023-09-09 16:14:26'),(85,'SSs',7,NULL,1,'2023-09-09 16:22:16'),(86,'This work>?',7,NULL,1,'2023-09-09 16:22:28'),(87,'how about t his',7,NULL,1,'2023-09-09 16:22:42'),(88,'adadad',25,'static/uploads/20230815_145238.jpg',1,'2023-09-10 11:04:19'),(89,'dadasdasd',25,'static/uploads/20230629_235815.jpg',1,'2023-09-10 11:11:34'),(90,'Wow great!!!',29,'static/uploads/20230629_110910.jpg',1,'2023-09-13 10:17:12'),(91,'osdjfoijwoirweioro[JKOSNFKnflksdjriojsiofjdkfnsdalkkljdfoidjiofjdiofjdiiiiiiiiiiiiiiiiiiiiiiiiiiiiiiiiiiiiiiiiiiiiiiiiiiiiiiiiiiiiiiiiiiiiiiiiiiiiiiiiiiiiiiiiiiiiiiiiiiiiiiiiiiiiiiiiiiiiiiiiiiiiiiiiiiiiiiiiiiiiiiiiiiiiiiiiiiiiiiiiiiiiiiiiiiiiiiiiiiiiiiiiiiiiiiiiiiiiiiiiiiiiiiiiiiiiiiiiiiiiiiiiiiiiiiiiiiiiiiiiiiiiiiiiiiiiiiiiiiiiiiii',38,NULL,3,'2023-09-13 11:53:13'),(92,'日本人は死んでもいい',39,NULL,3,'2023-09-13 11:56:58'),(93,'日本人は死んでもいい',39,'static/uploads/2023-05-28_173435.png',3,'2023-09-13 11:57:20'),(94,'fsdfdf',40,NULL,1,'2023-09-13 11:57:51'),(95,'this is my python',40,NULL,1,'2023-09-13 11:58:32'),(96,'d',38,NULL,1,'2023-09-13 11:59:54'),(97,'sub nigge',41,NULL,1,'2023-09-13 12:00:43'),(98,'fdsa',42,NULL,4,'2023-09-13 12:01:44'),(99,'dfafafdfda',43,NULL,1,'2023-09-13 12:02:33'),(100,'yyy',43,NULL,1,'2023-09-13 12:03:10'),(101,'ht,l',44,NULL,1,'2023-09-13 12:06:04'),(102,'\r\n.popup {\r\n  margin: 1rem auto;\r\n  padding: 20px;\r\n  background: #1f1f1f;\r\n  border-radius: 5px;\r\n  position: relative;\r\n  \r\n\r\n}\r\n.popup h1 {\r\n  font-size: 20px;\r\n  text-align: center;\r\n  margin: 1rem 0 0;\r\n\r\n}\r\n.popup h2 {\r\n  margin-top: 0;\r\n  color: #333;\r\n  font-family: Tahoma, Arial, sans-serif;\r\n}\r\n.popup .close {\r\n  position: absolute;\r\n  top: 10px;\r\n  right: 10px;\r\n  transition: all 200ms;\r\n  font-size: 30px;\r\n  font-weight: bold;\r\n  text-decoration: none;\r\n  color: #333;\r\n}\r\n.popup .close:hover {\r\n  color: #06D85F;\r\n}\r\n.popup .content {\r\n  max-height: 30%;\r\n  overflow: auto;\r\n}\r\n.popup_text {\r\n  font-size: 17px;\r\n  text-align: center;\r\n  margin: 5px 0 20px;\r\n\r\n}\r\n.hex-select {\r\n  position: relative;\r\n  padding: .75rem 0;\r\n  cursor: pointer;\r\n  \r\n  \r\n}\r\n\r\n.hex-select:after {\r\n  top: 50%;\r\n  right: 0.5rem; \r\n  content: \'\';\r\n  width: .35rem;\r\n  height: .35rem;\r\n  display: block;\r\n  position: absolute;\r\n  top: 50%;\r\n  right: 1rem;\r\n  transform: translateY(-75%) rotate(45deg);\r\n  border-right: .125rem solid #ddd;\r\n  border-bottom: .125rem solid #ddd;\r\n}\r\n\r\n.hex-select select, \r\n.hex-select .custom-select { \r\n  padding-right: 2rem;\r\n  position: relative;\r\n  appearance: none;\r\n  background: #37373782;\r\n  color: #ddd;\r\n  font-family: inherit;\r\n  height: 3.5rem;\r\n  line-height: 3.5rem;\r\n  outline: none;\r\n  padding: 0 1.5rem;\r\n  transition: all .35s ease-in-out;\r\n  width: 100%;\r\n  font-size: .75rem;\r\n  font-weight: 700;\r\n  text-transform: uppercase;\r\n  box-sizing: border-box;\r\n  border: 1px solid #222;\r\n  border-radius: .35rem;\r\n  cursor: pointer;\r\n  display: block;\r\n  margin-left: auto;\r\n  margin-right: auto;\r\n}\r\n\r\n.hex-select option {\r\n  position: absolute;\r\n  top: 100%;\r\n  left: 0;\r\n  right: 0;\r\n  display: flex;\r\n  flex-direction: column;\r\n  background: #1f1f1fb2;\r\n  border: 1px solid #444;\r\n  border-radius: .35rem;\r\n  list-style: none;\r\n  padding: 0;\r\n  margin: .75rem 0;\r\n  transform: translateY(1rem);\r\n  opacity: 0;\r\n  visibility: hidden;\r\n  pointer-events: none;\r\n  max-height: 250px;\r\n  overflow-y: auto;\r\n  transition: .35s ease-in-out all;\r\n}\r\n\r\n.hex-select option li {\r\n  height: 3rem;\r\n  line-height: 3rem;\r\n  outline: none;\r\n  padding: 0 1.5rem;\r\n  text-transform: none;\r\n  letter-spacing: .025rem;\r\n  border-bottom: 1px solid #333;\r\n  cursor: pointer;\r\n  transition: .35s ease-in-out all;\r\n}\r\n\r\n.hex-select option li:hover {\r\n  background: #444;\r\n}\r\n\r\n.hex-select:hover select, \r\n.hex-select:hover .custom-select {\r\n  border-color: #444;\r\n}\r\n\r\n.hex-select:hover option {\r\n  transform: translateY(0);\r\n  opacity: 1;\r\n  visibility: visible;\r\n  pointer-events: all;\r\n}\r\n/* Common styles that apply to both select and textarea */\r\n.styled-input {\r\n  appearance: none;\r\n  background: #37373782;\r\n  color: #ddd;\r\n  font-family: inherit;\r\n  outline: none;\r\n  padding: 0.75rem 1.5rem;\r\n  transition: all .35s ease-in-out;\r\n  width: 100%;\r\n  font-size: .75rem;\r\n  font-weight: 700;\r\n  text-transform: uppercase;\r\n  box-sizing: border-box;\r\n  border: 1px solid #222;\r\n  border-radius: .35rem;\r\n  cursor: pointer;\r\n}\r\n\r\n.styled-input:hover {\r\n  border-color: #444;\r\n}\r\n\r\n/* Textarea specific styles */\r\ntextarea.styled-input {\r\n  height: 100px; /* or any height you prefer */\r\n  text-transform: none; /* reset the uppercase for better text readability */\r\n  resize: vertical; /* allow vertical resize */\r\n  display: block;\r\n  margin-left: auto;\r\n  margin-right: auto;\r\n}\r\n\r\n/* Optional: Limit the vertical resize to a certain height */\r\ntextarea.styled-input {\r\n  max-height: 300px;\r\n  min-height: 100px;\r\n}\r\n.post_button {\r\n  display: block;\r\n  margin-left: auto;\r\n  margin-right: auto;\r\n  position: relative;\r\n  appearance: none;\r\n  background: #37373782;\r\n  color: #ddd;\r\n  font-family: inherit;\r\n  height: 3rem;\r\n  line-height: 3rem;\r\n  outline: none;\r\n  padding: 0 1.5rem;\r\n  transition: all .35s ease-in-out;\r\n  width: 100%;\r\n  font-size: .75rem;\r\n  font-weight: 700;\r\n  text-transform: uppercase;\r\n  box-sizing: border-box;\r\n  border: 1px solid #222;\r\n  border-radius: .35rem;\r\n  cursor: pointer;\r\n  margin-top: 1rem;\r\n  border: 1px solid #454545;\r\n}\r\n\r\n	<div id=\"popup1\" class=\"overlay\">\r\n    <div class=\"popup\">\r\n \r\n        <a class=\"close\" href=\"#\">&times;</a>            \r\n            <!-- Change the form action to /post/add -->\r\n            <form action=\"/post/add\" method=\"POST\" enctype=\"multipart/form-data\">\r\n                <label for=\"class_id\" class=\"popup_text\">Choose your class</label>\r\n                <div class=\"hex-select\">\r\n                    <select id=\"example\" name=\"class_id\" required >\r\n                        {% for class in classes %}\r\n                            <option value=\"{{ class.id }}\" {% if class.id == class_id %}selected{% endif %}>{{ class.class_name }}</option>\r\n                        {% endfor %}\r\n                    </select>\r\n                </div>\r\n                <!-- ... (rest of your form fields) -->\r\n				<h1>Upload your image\r\n					<small>with preview</small>\r\n				</h1>\r\n				<div class=\"avatar-upload\">\r\n					<div class=\"avatar-edit\">\r\n						<input type=\"file\" id=\"imageUpload\" name=\"image\" accept=\".png, .jpg, .jpeg\" />\r\n\r\n\r\n\r\n						<label for=\"imageUpload\"></label>\r\n					</div>\r\n					<div class=\"avatar-preview\">\r\n						<div id=\"imagePreview\" style=\"background-image: url(https://assets.pokemon.com/assets/cms2/img/watch-pokemon-tv/seasons/season01/season01_ep01_ss01.jpg);\">\r\n						</div>\r\n					</div>\r\n				</div>\r\n                <label for=\"content\" class=\"popup_text\">Write your content</label>\r\n                <textarea name=\"content\" class=\"styled-input\" required></textarea>\r\n                <input type=\"submit\" value=\"Post\" class=\"post_button\">\r\n            </form>\r\n    </div>\r\n</div>\r\n\r\nI want the form popup to fit to any height sized devices. it doesn\'t fit with iphone se\r\n',44,NULL,1,'2023-09-13 12:07:02');
/*!40000 ALTER TABLE `posts` ENABLE KEYS */;
UNLOCK TABLES;

--
-- Table structure for table `todo_list`
--

DROP TABLE IF EXISTS `todo_list`;
/*!40101 SET @saved_cs_client     = @@character_set_client */;
/*!50503 SET character_set_client = utf8mb4 */;
CREATE TABLE `todo_list` (
  `id` int NOT NULL AUTO_INCREMENT,
  `user_id` int DEFAULT NULL,
  `class_id` int DEFAULT NULL,
  `task_description` text,
  `due_date` datetime DEFAULT NULL,
  `is_complete` int DEFAULT '0',
  PRIMARY KEY (`id`)
) ENGINE=InnoDB AUTO_INCREMENT=71 DEFAULT CHARSET=utf8mb4 COLLATE=utf8mb4_0900_ai_ci;
/*!40101 SET character_set_client = @saved_cs_client */;

--
-- Dumping data for table `todo_list`
--

LOCK TABLES `todo_list` WRITE;
/*!40000 ALTER TABLE `todo_list` DISABLE KEYS */;
INSERT INTO `todo_list` VALUES (41,7,1,'adasdasd',NULL,1),(42,7,1,'asdasdas',NULL,1),(43,7,1,'sdfsffsf',NULL,1),(44,7,1,'adadasd',NULL,1),(45,7,1,'adadsd',NULL,1),(46,7,4,'sadsdd',NULL,1),(47,7,1,'adada',NULL,1),(48,7,1,'asdasdasda',NULL,1),(49,7,1,'hello world',NULL,1),(50,7,1,'adasd',NULL,1),(51,7,1,'asdasds',NULL,1),(52,7,1,'adasd',NULL,1),(53,7,2,'dsadsad',NULL,1),(54,7,2,'adad',NULL,1),(55,29,5,'Study english',NULL,1),(56,29,1,'Say yes',NULL,1),(57,33,NULL,'fix the address error',NULL,0),(58,33,NULL,'fix no class',NULL,0),(59,33,NULL,'set a minimum length for password',NULL,0),(60,33,NULL,'make a logout',NULL,0),(61,38,1,'yo',NULL,1),(62,38,1,'hello world',NULL,1),(63,38,1,'my nigga',NULL,1),(64,38,1,'you chingchong',NULL,0),(65,38,1,'go to fucking gym',NULL,0),(66,38,1,'hello world',NULL,0),(67,38,1,'dsfdsfsdf',NULL,0),(68,43,1,'hello world',NULL,0),(69,44,1,' .popup {   margin: 1rem auto;   padding: 20px;   background: #1f1f1f;   border-radius: 5px;   position: relative;     } .popup h1 {   font-size: 20px;   text-align: center;   margin: 1rem 0 0;  } .popup h2 {   margin-top: 0;   color: #333;   font-family: Tahoma, Arial, sans-serif; } .popup .close {   position: absolute;   top: 10px;   right: 10px;   transition: all 200ms;   font-size: 30px;   font-weight: bold;   text-decoration: none;   color: #333; } .popup .close:hover {   color: #06D85F; } .popup .content {   max-height: 30%;   overflow: auto; } .popup_text {   font-size: 17px;   text-align: center;   margin: 5px 0 20px;  } .hex-select {   position: relative;   padding: .75rem 0;   cursor: pointer;       }  .hex-select:after {   top: 50%;   right: 0.5rem;    content: \'\';   width: .35rem;   height: .35rem;   display: block;   position: absolute;   top: 50%;   right: 1rem;   transform: translateY(-75%) rotate(45deg);   border-right: .125rem solid #ddd;   border-bottom: .125rem solid #ddd; }  .hex-select select,  .hex-select .custom-select {    padding-right: 2rem;   position: relative;   appearance: none;   background: #37373782;   color: #ddd;   font-family: inherit;   height: 3.5rem;   line-height: 3.5rem;   outline: none;   padding: 0 1.5rem;   transition: all .35s ease-in-out;   width: 100%;   font-size: .75rem;   font-weight: 700;   text-transform: uppercase;   box-sizing: border-box;   border: 1px solid #222;   border-radius: .35rem;   cursor: pointer;   display: block;   margin-left: auto;   margin-right: auto; }  .hex-select option {   position: absolute;   top: 100%;   left: 0;   right: 0;   display: flex;   flex-direction: column;   background: #1f1f1fb2;   border: 1px solid #444;   border-radius: .35rem;   list-style: none;   padding: 0;   margin: .75rem 0;   transform: translateY(1rem);   opacity: 0;   visibility: hidden;   pointer-events: none;   max-height: 250px;   overflow-y: auto;   transition: .35s ease-in-out all; }  .hex-select option li {   height: 3rem;   line-height: 3rem;   outline: none;   padding: 0 1.5rem;   text-transform: none;   letter-spacing: .025rem;   border-bottom: 1px solid #333;   cursor: pointer;   transition: .35s ease-in-out all; }  .hex-select option li:hover {   background: #444; }  .hex-select:hover select,  .hex-select:hover .custom-select {   border-color: #444; }  .hex-select:hover option {   transform: translateY(0);   opacity: 1;   visibility: visible;   pointer-events: all; } /* Common styles that apply to both select and textarea */ .styled-input {   appearance: none;   background: #37373782;   color: #ddd;   font-family: inherit;   outline: none;   padding: 0.75rem 1.5rem;   transition: all .35s ease-in-out;   width: 100%;   font-size: .75rem;   font-weight: 700;   text-transform: uppercase;   box-sizing: border-box;   border: 1px solid #222;   border-radius: .35rem;   cursor: pointer; }  .styled-input:hover {   border-color: #444; }  /* Textarea specific styles */ textarea.styled-input {   height: 100px; /* or any height you prefer */   text-transform: none; /* reset the uppercase for better text readability */   resize: vertical; /* allow vertical resize */   display: block;   margin-left: auto;   margin-right: auto; }  /* Optional: Limit the vertical resize to a certain height */ textarea.styled-input {   max-height: 300px;   min-height: 100px; } .post_button {   display: block;   margin-left: auto;   margin-right: auto;   position: relative;   appearance: none;   background: #37373782;   color: #ddd;   font-family: inherit;   height: 3rem;   line-height: 3rem;   outline: none;   padding: 0 1.5rem;   transition: all .35s ease-in-out;   width: 100%;   font-size: .75rem;   font-weight: 700;   text-transform: uppercase;   box-sizing: border-box;   border: 1px solid #222;   border-radius: .35rem;   cursor: pointer;   margin-top: 1rem;   border: 1px solid #454545; }  	<div id=\"popup1\" class=\"overlay\">     <div class=\"popup\">           <a class=\"close\" href=\"#\">&times;</a>                         <!-- Change the form action to /post/add -->             <form action=\"/post/add\" method=\"POST\" enctype=\"multipart/form-data\">                 <label for=\"class_id\" class=\"popup_text\">Choose your class</label>                 <div class=\"hex-select\">                     <select id=\"example\" name=\"class_id\" required >                         {% for class in classes %}                             <option value=\"{{ class.id }}\" {% if class.id == class_id %}selected{% endif %}>{{ class.class_name }}</option>                         {% endfor %}                     </select>                 </div>                 <!-- ... (rest of your form fields) --> 				<h1>Upload your image 					<small>with preview</small> 				</h1> 				<div class=\"avatar-upload\"> 					<div class=\"avatar-edit\"> 						<input type=\"file\" id=\"imageUpload\" name=\"image\" accept=\".png, .jpg, .jpeg\" />    						<label for=\"imageUpload\"></label> 					</div> 					<div class=\"avatar-preview\"> 						<div id=\"imagePreview\" style=\"background-image: url(https://assets.pokemon.com/assets/cms2/img/watch-pokemon-tv/seasons/season01/season01_ep01_ss01.jpg);\"> 						</div> 					</div> 				</div>                 <label for=\"content\" class=\"popup_text\">Write your content</label>                 <textarea name=\"content\" class=\"styled-input\" required></textarea>                 <input type=\"submit\" value=\"Post\" class=\"post_button\">             </form>     </div> </div>  I want the form popup to fit to any height sized devices. it doesn\'t fit with iphone se',NULL,1),(70,44,1,' .popup {   margin: 1rem auto;   padding: 20px;   background: #1f1f1f;   border-radius: 5px;   position: relative;     } .popup h1 {   font-size: 20px;   text-align: center;   margin: 1rem 0 0;  } .popup h2 {   margin-top: 0;   color: #333;   font-family: Tahoma, Arial, sans-serif; } .popup .close {   position: absolute;   top: 10px;   right: 10px;   transition: all 200ms;   font-size: 30px;   font-weight: bold;   text-decoration: none;   color: #333; } .popup .close:hover {   color: #06D85F; } .popup .content {   max-height: 30%;   overflow: auto; } .popup_text {   font-size: 17px;   text-align: center;   margin: 5px 0 20px;  } .hex-select {   position: relative;   padding: .75rem 0;   cursor: pointer;       }  .hex-select:after {   top: 50%;   right: 0.5rem;    content: \'\';   width: .35rem;   height: .35rem;   display: block;   position: absolute;   top: 50%;   right: 1rem;   transform: translateY(-75%) rotate(45deg);   border-right: .125rem solid #ddd;   border-bottom: .125rem solid #ddd; }  .hex-select select,  .hex-select .custom-select {    padding-right: 2rem;   position: relative;   appearance: none;   background: #37373782;   color: #ddd;   font-family: inherit;   height: 3.5rem;   line-height: 3.5rem;   outline: none;   padding: 0 1.5rem;   transition: all .35s ease-in-out;   width: 100%;   font-size: .75rem;   font-weight: 700;   text-transform: uppercase;   box-sizing: border-box;   border: 1px solid #222;   border-radius: .35rem;   cursor: pointer;   display: block;   margin-left: auto;   margin-right: auto; }  .hex-select option {   position: absolute;   top: 100%;   left: 0;   right: 0;   display: flex;   flex-direction: column;   background: #1f1f1fb2;   border: 1px solid #444;   border-radius: .35rem;   list-style: none;   padding: 0;   margin: .75rem 0;   transform: translateY(1rem);   opacity: 0;   visibility: hidden;   pointer-events: none;   max-height: 250px;   overflow-y: auto;   transition: .35s ease-in-out all; }  .hex-select option li {   height: 3rem;   line-height: 3rem;   outline: none;   padding: 0 1.5rem;   text-transform: none;   letter-spacing: .025rem;   border-bottom: 1px solid #333;   cursor: pointer;   transition: .35s ease-in-out all; }  .hex-select option li:hover {   background: #444; }  .hex-select:hover select,  .hex-select:hover .custom-select {   border-color: #444; }  .hex-select:hover option {   transform: translateY(0);   opacity: 1;   visibility: visible;   pointer-events: all; } /* Common styles that apply to both select and textarea */ .styled-input {   appearance: none;   background: #37373782;   color: #ddd;   font-family: inherit;   outline: none;   padding: 0.75rem 1.5rem;   transition: all .35s ease-in-out;   width: 100%;   font-size: .75rem;   font-weight: 700;   text-transform: uppercase;   box-sizing: border-box;   border: 1px solid #222;   border-radius: .35rem;   cursor: pointer; }  .styled-input:hover {   border-color: #444; }  /* Textarea specific styles */ textarea.styled-input {   height: 100px; /* or any height you prefer */   text-transform: none; /* reset the uppercase for better text readability */   resize: vertical; /* allow vertical resize */   display: block;   margin-left: auto;   margin-right: auto; }  /* Optional: Limit the vertical resize to a certain height */ textarea.styled-input {   max-height: 300px;   min-height: 100px; } .post_button {   display: block;   margin-left: auto;   margin-right: auto;   position: relative;   appearance: none;   background: #37373782;   color: #ddd;   font-family: inherit;   height: 3rem;   line-height: 3rem;   outline: none;   padding: 0 1.5rem;   transition: all .35s ease-in-out;   width: 100%;   font-size: .75rem;   font-weight: 700;   text-transform: uppercase;   box-sizing: border-box;   border: 1px solid #222;   border-radius: .35rem;   cursor: pointer;   margin-top: 1rem;   border: 1px solid #454545; }  	<div id=\"popup1\" class=\"overlay\">     <div class=\"popup\">           <a class=\"close\" href=\"#\">&times;</a>                         <!-- Change the form action to /post/add -->             <form action=\"/post/add\" method=\"POST\" enctype=\"multipart/form-data\">                 <label for=\"class_id\" class=\"popup_text\">Choose your class</label>                 <div class=\"hex-select\">                     <select id=\"example\" name=\"class_id\" required >                         {% for class in classes %}                             <option value=\"{{ class.id }}\" {% if class.id == class_id %}selected{% endif %}>{{ class.class_name }}</option>                         {% endfor %}                     </select>                 </div>                 <!-- ... (rest of your form fields) --> 				<h1>Upload your image 					<small>with preview</small> 				</h1> 				<div class=\"avatar-upload\"> 					<div class=\"avatar-edit\"> 						<input type=\"file\" id=\"imageUpload\" name=\"image\" accept=\".png, .jpg, .jpeg\" />    						<label for=\"imageUpload\"></label> 					</div> 					<div class=\"avatar-preview\"> 						<div id=\"imagePreview\" style=\"background-image: url(https://assets.pokemon.com/assets/cms2/img/watch-pokemon-tv/seasons/season01/season01_ep01_ss01.jpg);\"> 						</div> 					</div> 				</div>                 <label for=\"content\" class=\"popup_text\">Write your content</label>                 <textarea name=\"content\" class=\"styled-input\" required></textarea>                 <input type=\"submit\" value=\"Post\" class=\"post_button\">             </form>     </div> </div>  I want the form popup to fit to any height sized devices. it doesn\'t fit with iphone se',NULL,1);
/*!40000 ALTER TABLE `todo_list` ENABLE KEYS */;
UNLOCK TABLES;

--
-- Table structure for table `user_class`
--

DROP TABLE IF EXISTS `user_class`;
/*!40101 SET @saved_cs_client     = @@character_set_client */;
/*!50503 SET character_set_client = utf8mb4 */;
CREATE TABLE `user_class` (
  `id` int NOT NULL AUTO_INCREMENT,
  `user_id` int DEFAULT NULL,
  `class_id` int DEFAULT NULL,
  PRIMARY KEY (`id`),
  KEY `fk_user` (`user_id`),
  KEY `fk_user_class` (`class_id`),
  CONSTRAINT `fk_user` FOREIGN KEY (`user_id`) REFERENCES `users` (`id`),
  CONSTRAINT `fk_user_class` FOREIGN KEY (`class_id`) REFERENCES `classes` (`id`)
) ENGINE=InnoDB AUTO_INCREMENT=138 DEFAULT CHARSET=utf8mb4 COLLATE=utf8mb4_0900_ai_ci;
/*!40101 SET character_set_client = @saved_cs_client */;

--
-- Dumping data for table `user_class`
--

LOCK TABLES `user_class` WRITE;
/*!40000 ALTER TABLE `user_class` DISABLE KEYS */;
INSERT INTO `user_class` VALUES (1,7,1),(2,7,2),(3,7,3),(4,7,4),(5,7,5),(6,12,1),(7,12,2),(8,12,3),(9,12,5),(10,12,4),(11,16,1),(12,16,4),(13,16,5),(14,16,7),(15,16,8),(16,17,3),(17,17,4),(18,17,7),(19,17,8),(20,18,1),(21,18,2),(22,18,3),(23,18,4),(24,18,5),(25,19,1),(26,19,2),(27,19,3),(28,19,4),(29,19,5),(30,20,1),(31,20,2),(32,20,3),(33,20,4),(34,20,5),(35,21,5),(36,22,1),(37,22,2),(38,22,3),(39,22,4),(40,22,5),(41,23,2),(42,23,3),(43,23,4),(44,24,1),(45,24,2),(46,24,3),(47,24,4),(48,25,1),(49,25,2),(50,25,3),(51,25,4),(52,25,5),(53,26,2),(54,26,3),(55,26,4),(56,26,5),(57,27,1),(58,27,2),(59,27,3),(60,27,4),(61,27,5),(62,28,1),(63,28,2),(64,28,3),(65,29,1),(66,29,2),(67,29,3),(68,29,4),(69,29,5),(70,30,1),(71,30,2),(72,30,3),(73,30,4),(74,30,5),(75,31,4),(76,31,5),(77,31,6),(78,31,7),(79,31,8),(80,32,2),(81,32,3),(82,32,4),(83,32,6),(84,32,8),(85,34,1),(86,34,2),(87,34,3),(88,34,4),(89,34,5),(90,35,4),(91,35,5),(92,35,6),(93,35,7),(94,35,8),(95,36,1),(96,36,2),(97,36,3),(98,37,1),(99,37,2),(100,37,3),(101,37,4),(102,37,5),(103,38,1),(104,38,2),(105,38,3),(106,39,3),(107,39,4),(108,39,6),(109,39,7),(110,39,8),(111,40,1),(112,40,2),(113,40,4),(114,40,6),(115,41,1),(116,41,2),(117,41,3),(118,41,4),(119,42,4),(120,42,5),(121,42,6),(122,42,7),(123,43,1),(124,43,2),(125,43,3),(126,43,4),(127,43,5),(128,44,1),(129,44,2),(130,44,3),(131,44,5),(132,44,6),(133,45,2),(134,45,3),(135,45,4),(136,45,6),(137,45,7);
/*!40000 ALTER TABLE `user_class` ENABLE KEYS */;
UNLOCK TABLES;

--
-- Table structure for table `user_classes`
--

DROP TABLE IF EXISTS `user_classes`;
/*!40101 SET @saved_cs_client     = @@character_set_client */;
/*!50503 SET character_set_client = utf8mb4 */;
CREATE TABLE `user_classes` (
  `user_id` int NOT NULL,
  `class` varchar(255) NOT NULL,
  PRIMARY KEY (`user_id`,`class`)
) ENGINE=InnoDB DEFAULT CHARSET=utf8mb4 COLLATE=utf8mb4_0900_ai_ci;
/*!40101 SET character_set_client = @saved_cs_client */;

--
-- Dumping data for table `user_classes`
--

LOCK TABLES `user_classes` WRITE;
/*!40000 ALTER TABLE `user_classes` DISABLE KEYS */;
INSERT INTO `user_classes` VALUES (7,'Art'),(11,'Art'),(11,'English'),(11,'Health'),(11,'Languages'),(11,'Math'),(12,'Art'),(12,'Math'),(12,'Science'),(12,'Social Science'),(12,'Technology');
/*!40000 ALTER TABLE `user_classes` ENABLE KEYS */;
UNLOCK TABLES;

--
-- Table structure for table `users`
--

DROP TABLE IF EXISTS `users`;
/*!40101 SET @saved_cs_client     = @@character_set_client */;
/*!50503 SET character_set_client = utf8mb4 */;
CREATE TABLE `users` (
  `id` int NOT NULL AUTO_INCREMENT,
  `email` varchar(45) DEFAULT NULL,
  `first_name` varchar(45) DEFAULT NULL,
  `last_name` varchar(45) DEFAULT NULL,
  `role` varchar(45) DEFAULT NULL,
  `password` varchar(500) DEFAULT NULL,
  `birthday` varchar(45) DEFAULT NULL,
  `image` varchar(255) DEFAULT NULL,
  PRIMARY KEY (`id`)
) ENGINE=InnoDB AUTO_INCREMENT=46 DEFAULT CHARSET=utf8mb4 COLLATE=utf8mb4_0900_ai_ci;
/*!40101 SET character_set_client = @saved_cs_client */;

--
-- Dumping data for table `users`
--

LOCK TABLES `users` WRITE;
/*!40000 ALTER TABLE `users` DISABLE KEYS */;
INSERT INTO `users` VALUES (5,'sadsda@adssd','asds','asdda',NULL,'aee4235b3b448517740b245273035713cefa4f7aea8c9f94b21b13580c05ffbe','2023-08-09',''),(6,'dads@adsd','asds','sa',NULL,'dcd789434d890685da841b8db8a02b0173b90eac3774109ba9bca1b81440aa93','2023-08-02',''),(7,'qwerty@qwerty','qwerty','qwerty',NULL,'65e84be33532fb784c48129675f9eff3a682b27168c0ea744b2cf58ee02337c5','2023-08-17',''),(8,'asdasd@adsd','asdad','asdas',NULL,'bcbee97fbb9d59d289bc4127e31020b2d8daf4d4a68349483258cae290c16722','2023-08-01',''),(11,'samyang@gmail.com','sam','yang',NULL,'e7797106a4ddeb1a3af02fdfe3ee6b65c6596d071d373d9fc0ad408d32a48046','2023-08-11',''),(12,'kiefer@kiefer','kiefer','kiefer',NULL,'5ab00555b0312e4ded77dcb1d71e81d42278bb926b4e2940e7cab47d647031e3','2023-08-04',''),(13,'','','',NULL,'e3b0c44298fc1c149afbf4c8996fb92427ae41e4649b934ca495991b7852b855','',NULL),(16,'1234@1234','1234','1234',NULL,'03ac674216f3e15c761ee1a5e255f067953623c8b388b4459e13f978d7c846f4','2023-08-03',''),(17,'seungbeomyang7@gmail.com','john','yAng',NULL,'646b0790b5f88c1409c2d723f945c73513f9bf56fc06b7ebbccde329ff1f0c60','2023-09-24',''),(18,'asdf@asdf','asdf','asdf',NULL,'f0e4c2f76c58916ec258f246851bea091d14d4247a2fc3e18694461b1816e13b','2023-08-03',NULL),(19,'ysb@gmail.com','Samuel','Yang',NULL,'5994471abb01112afcc18159f6cc74b4f511b99806da59b3caf5a9c173cacfc5','2023-08-14',NULL),(20,'qaz@qaz','qaz','qaz',NULL,'8d6c5597d25eca212ea6c6cacc0a02e247b8c631343a70147cb81374ff72f414','2023-08-11',NULL),(21,'salkndajfjkasbkb@gmail.com','juyong','heo',NULL,'ccefcd91405c728f09cfdfd196e7f74c79a7b3eb193bdaec780c4e61274b0ee4','9387-02-07',NULL),(22,'ADASD@ASDAD','sSs','Sas',NULL,'5c2d7766b10f7be7c199a66b74a239584cab676ed6f00d3ea9a388cfda28775e','2023-09-22','static/images/5c04f39e.jpg'),(23,'dadasd@adad','adas','dad',NULL,'d1103b4d6d8cfe1d667012b23e9ff32ec54c991db1096bb928ad2da7073ba858','2023-09-15','static/images/08210865.png'),(24,'dadadda@adasdasd','adad','dadadas',NULL,'71ef93f1b7103feede3734bc7800f2f2b90b94a714fa3dadc8b20e26d9db20b5','2023-09-13','static/images/1bbc0108.png'),(25,'sdaas@adsad','adad','asdasd',NULL,'58f94402850afed19997e97d08d5746744d9a390434df001ca8ccc50877c9110','2023-09-07','static/images/7029c9c4.jpg'),(26,'sadas@sfssd','dasds','sadsad',NULL,'a8ebfff7e54ebc78642cd671d142d18bba262109d1c2d83caf5a4a999fec9673','2023-09-14','static/images/7e6b2d1c.jpg'),(27,'adad@dsdad','dad','adadad',NULL,'e56d336922eaab3be8c1244dbaa713e134a8eba50ddbd4f50fd2fe18d72595cd','2023-09-08','static/images/738f81a5.png'),(28,'hello@helo','hello ','world',NULL,'e56d336922eaab3be8c1244dbaa713e134a8eba50ddbd4f50fd2fe18d72595cd','2023-09-26','static/images/2a130f9b.jpg'),(29,'qwerty@qwerty.com','john','asdasd',NULL,'ee79976c9380d5e337fc1c095ece8c8f22f91f306ceeb161fa51fecede2c4ba1','2023-09-05','static/images/8c1e33b8.jpg'),(30,'sdasdas@dsdada','assad','dasda',NULL,'d2b1eac12b99f2e5b88e2dc9480fbc361b9cc6ae25a9aba54da155c5dfbda625','2023-09-06','static/images/330c27ff.jpg'),(31,'123@123','123','123',NULL,'a665a45920422f9d417e4867efdc4fb8a04a1f3fff1fa07e998e86f7f7a27ae3','2023-08-31','static/images/d5081919.jpg'),(32,'asdas@dada','asdas','adas',NULL,'6fe8ecbc1deafa51c2ecf088cf364eba1ceba9032ffbe2621e771b90ea93153d','2023-08-30','static/images/cf81101d.png'),(33,'d@d','John','Doe',NULL,'6b86b273ff34fce19d6b804eff5a3f5747ada4eaa22f1d49c01e52ddb7875b4b','2023-09-26',NULL),(34,'s@s','many','errors',NULL,'0ffe1abd1a08215353c233d6e009613e95eec4253832a761af28ff37ac5a150c','2023-09-09','static/images/f9666c62.jpg'),(35,'failure@kkk','You','Failure',NULL,'03ac674216f3e15c761ee1a5e255f067953623c8b388b4459e13f978d7c846f4','2023-11-25','static/images/15f3810e.jpg'),(36,'asdasd@dadasd','adasd','adasd',NULL,'bcbee97fbb9d59d289bc4127e31020b2d8daf4d4a68349483258cae290c16722','2023-08-31','static/images/dc77b36b.jpg'),(37,'asdda@asdad','asdad','adasdasdasd',NULL,'e0f5038e94d87998794e3ee7ed8906644a29a6e656eeacc3016e9e5c8533934a','2023-09-11','static/images/0d29f27b.jpg'),(38,'e@e','w','w',NULL,'d17f25ecfbcc7857f7bebea469308be0b2580943e96d13a3ad98a13675c4bfc2','2023-09-09','static/images/1f4f0e52.html'),(39,'eee@eee','eee','eee',NULL,'0766fa0a0cd628539962c6464ec047994482dc5dee9a1cb77847abefc3e88a1c','2023-09-01','static/images/b7ca4777.psd'),(40,'qq@qq','ｑ','ｑｑ',NULL,'ae118a7acd2ff2f77598c7316bced68d92bf8c8f0ca30ffb28f4edf6fc7c2f3d','',NULL),(41,'new@new','new','',NULL,'9b21ec9dbe3dec76be9c39f673c8c8971f023be79e02aa3ad1f717aa00afb41c','',NULL),(42,'e@ee','','',NULL,'0766fa0a0cd628539962c6464ec047994482dc5dee9a1cb77847abefc3e88a1c','',NULL),(43,'r@r','','',NULL,'a33805cfe8452895be97edd6552029f20be635f67944c9c8978004f84b502649','','static/images/f3aaa3d5.psd'),(44,'t@t','','',NULL,'37c9aa3186e19d9e3cfb4f2ec195d3a3ba27e280be967bda536828003c94a0d2','2023-09-03','static/images/739a52b7.html'),(45,'dd@gmail.com','John','Yang',NULL,'af4764571f217a9bd2c50d8e97c54239bcacb15c835100e59fda84cb33603d14','',NULL);
/*!40000 ALTER TABLE `users` ENABLE KEYS */;
UNLOCK TABLES;
/*!40103 SET TIME_ZONE=@OLD_TIME_ZONE */;

/*!40101 SET SQL_MODE=@OLD_SQL_MODE */;
/*!40014 SET FOREIGN_KEY_CHECKS=@OLD_FOREIGN_KEY_CHECKS */;
/*!40014 SET UNIQUE_CHECKS=@OLD_UNIQUE_CHECKS */;
/*!40101 SET CHARACTER_SET_CLIENT=@OLD_CHARACTER_SET_CLIENT */;
/*!40101 SET CHARACTER_SET_RESULTS=@OLD_CHARACTER_SET_RESULTS */;
/*!40101 SET COLLATION_CONNECTION=@OLD_COLLATION_CONNECTION */;
/*!40111 SET SQL_NOTES=@OLD_SQL_NOTES */;

-- Dump completed on 2023-09-14  0:18:19
